./www.gov.uk/service-manual.html,Service Manual - GOV.UK,
./www.gov.uk/service-manual/user-research.html,User research - Service Manual - GOV.UK,
./www.gov.uk/service-manual/service-assessments.html,Service assessments and applying the Service Standard - Service Manual - GOV.UK,
./www.gov.uk/service-manual/design/user-centred-design-training-and-events.html,User-centred design: training and events - Service Manual - GOV.UK,2020-07-16T16:47:17+01:00
./www.gov.uk/service-manual/design/designing-good-questions.html,Designing good questions - Service Manual - GOV.UK,2018-06-22T14:14:50+01:00
./www.gov.uk/service-manual/design/collecting-personal-information-from-users.html,Collecting personal information from users - Service Manual - GOV.UK,2021-09-28T10:44:29+01:00
./www.gov.uk/service-manual/design/understanding-and-meeting-policy-intent.html,Understanding and meeting policy intent - Service Manual - GOV.UK,2022-04-08T11:02:03+01:00
./www.gov.uk/service-manual/design/sending-emails-and-text-messages.html,Planning and writing text messages and emails - Service Manual - GOV.UK,2017-10-03T11:04:41+01:00
./www.gov.uk/service-manual/design/making-prototypes.html,Making prototypes - Service Manual - GOV.UK,2016-10-18T13:27:37+01:00
./www.gov.uk/service-manual/design/naming-your-service.html,Naming your service - Service Manual - GOV.UK,2016-10-18T15:20:54+01:00
./www.gov.uk/service-manual/design/map-a-users-whole-problem.html,Map and understand a user&#39;s whole problem - Service Manual - GOV.UK,2019-05-01T17:53:54+01:00
./www.gov.uk/service-manual/design/user-accounts.html,Create accounts – GOV.UK Design System,
./www.gov.uk/service-manual/design/making-your-service-more-inclusive.html,Making your service more inclusive - Service Manual - GOV.UK,2018-08-14T12:10:11+01:00
./www.gov.uk/service-manual/design/create-a-list-of-services.html,Create a list of services - Service Manual - GOV.UK,2019-05-01T17:54:13+01:00
./www.gov.uk/service-manual/design/working-across-organisational-boundaries.html,Working across organisational boundaries with service communities - Service Manual - GOV.UK,2019-05-01T17:54:37+01:00
./www.gov.uk/service-manual/design/feedback-pages.html,Get a GOV.UK feedback page - Service Manual - GOV.UK,2021-02-19T17:00:40+00:00
./www.gov.uk/service-manual/design/service-communities.html,Working across organisational boundaries with service communities - Service Manual - GOV.UK,2019-05-01T17:54:37+01:00
./www.gov.uk/service-manual/design/checking-users-identities.html,Checking users’ identities - Service Manual - GOV.UK,2020-06-22T09:56:58+01:00
./www.gov.uk/service-manual/design/services-for-government-users.html,Services for government users - Service Manual - GOV.UK,2018-01-11T17:01:39+00:00
./www.gov.uk/service-manual/design/add-the-govuk-header-and-footer.html,Page template – GOV.UK Design System,
./www.gov.uk/service-manual/design/designing-with-data-an-introduction.html,Designing with data: an introduction - Service Manual - GOV.UK,2022-04-13T10:00:09+01:00
./www.gov.uk/service-manual/design/writing-effective-letters.html,Writing effective letters - Service Manual - GOV.UK,2019-04-08T12:01:25+01:00
./www.gov.uk/service-manual/design/confirmation-pages.html,Confirmation pages – GOV.UK Design System,
./www.gov.uk/service-manual/design/scoping-your-service.html,Getting the scope of your transaction right - Service Manual - GOV.UK,2019-05-01T17:54:26+01:00
./www.gov.uk/service-manual/design/govuk-content-transactions.html,Designing how GOV.UK content and transactions work together - Service Manual - GOV.UK,2018-04-30T15:14:12+01:00
./www.gov.uk/service-manual/design/form-structure.html,Structuring forms - Service Manual - GOV.UK,2018-08-07T12:06:14+01:00
./www.gov.uk/service-manual/design/making-your-service-look-like-govuk.html,Making your service look like GOV.UK - Service Manual - GOV.UK,2016-12-09T10:36:47+00:00
./www.gov.uk/service-manual/design/check-your-answers-pages.html,Check answers – GOV.UK Design System,
./www.gov.uk/service-manual/design/introduction-designing-government-services.html,Designing good government services: an introduction - Service Manual - GOV.UK,2022-04-06T15:39:41+01:00
./www.gov.uk/service-manual/design/writing-for-user-interfaces.html,Writing for user interfaces - Service Manual - GOV.UK,2018-04-16T13:55:40+01:00
./www.gov.uk/service-manual/design/using-adapting-and-creating-patterns.html,Using, adapting and creating patterns - Service Manual - GOV.UK,2017-04-11T10:36:23+01:00
./www.gov.uk/service-manual/design.html,Design - Service Manual - GOV.UK,
./www.gov.uk/service-manual/phases.html,Agile delivery - Service Manual - GOV.UK,
./www.gov.uk/service-manual/user-research/capturing-research-questions.html,Capturing research questions - Service Manual - GOV.UK,2017-09-12T16:16:44+01:00
./www.gov.uk/service-manual/user-research/user-research-in-alpha.html,User research in alpha - Service Manual - GOV.UK,2017-10-03T11:53:02+01:00
./www.gov.uk/service-manual/user-research/taking-notes-and-recording-user-research-sessions.html,Taking notes and recording user research sessions - Service Manual - GOV.UK,2017-09-19T09:52:38+01:00
./www.gov.uk/service-manual/user-research/start-by-learning-user-needs.html,Learning about users and their needs - Service Manual - GOV.UK,2017-03-23T17:03:26+00:00
./www.gov.uk/service-manual/user-research/user-research-in-discovery.html,User research in discovery - Service Manual - GOV.UK,2016-11-18T15:33:47+00:00
./www.gov.uk/service-manual/user-research/user-research-in-beta.html,User research in beta - Service Manual - GOV.UK,2016-11-18T15:35:07+00:00
./www.gov.uk/service-manual/user-research/research-small-group-workshops.html,Researching in small group workshops - Service Manual - GOV.UK,2018-06-28T15:46:48+01:00
./www.gov.uk/service-manual/user-research/using-moderated-usability-testing.html,Using moderated usability testing - Service Manual - GOV.UK,2017-10-03T11:33:45+01:00
./www.gov.uk/service-manual/user-research/user-research-in-live.html,User research in live - Service Manual - GOV.UK,2016-11-18T15:35:15+00:00
./www.gov.uk/service-manual/user-research/doing-user-research-during-coronavirus-covid-19-choosing-face-to-face-or-remote-research.html,Doing user research during coronavirus (COVID-19): choosing face to face or remote research - Service Manual - GOV.UK,2021-05-28T15:36:37+01:00
./www.gov.uk/service-manual/user-research/remote-user-research-phone-video-call.html,Doing user research remotely by phone or video call - Service Manual - GOV.UK,2018-01-31T10:39:16+00:00
./www.gov.uk/service-manual/user-research/researching-user-experiences.html,Researching user experiences - Service Manual - GOV.UK,2017-08-25T11:03:06+01:00
./www.gov.uk/service-manual/user-research/how-user-research-improves-service-design.html,User research for government services: an introduction - Service Manual - GOV.UK,2017-03-23T14:47:55+00:00
./www.gov.uk/service-manual/user-research/plan-user-research-for-your-service.html,Plan user research for your service - Service Manual - GOV.UK,2018-09-21T15:08:47+01:00
./www.gov.uk/service-manual/user-research/creating-an-experience-map.html,Creating an experience map - Service Manual - GOV.UK,2017-02-21T12:48:41+00:00
./www.gov.uk/service-manual/user-research/choose-a-location-for-user-research.html,Choose a location for user research - Service Manual - GOV.UK,2017-10-03T11:38:33+01:00
./www.gov.uk/service-manual/user-research/using-in-depth-interviews.html,Using in-depth interviews - Service Manual - GOV.UK,2017-02-21T12:48:19+00:00
./www.gov.uk/service-manual/user-research/sharing-user-research-findings.html,Sharing user research findings - Service Manual - GOV.UK,2016-05-24T16:47:36+01:00
./www.gov.uk/service-manual/user-research/researching-contentious-subjects-purdah.html,Researching contentious subjects or during pre-election periods - Service Manual - GOV.UK,2018-06-11T10:36:12+01:00
./www.gov.uk/service-manual/user-research/find-user-research-participants.html,Finding participants for user research - Service Manual - GOV.UK,2020-04-28T14:41:13+01:00
./www.gov.uk/service-manual/user-research/analyse-a-research-session.html,Analyse a research session - Service Manual - GOV.UK,2016-05-24T16:54:08+01:00
./www.gov.uk/service-manual/user-research/contextual-research-and-observation.html,Contextual research and observation - Service Manual - GOV.UK,2017-09-01T11:16:37+01:00
./www.gov.uk/service-manual/user-research/understanding-users-who-dont-use-digital-services.html,Understanding users who do not use digital services - Service Manual - GOV.UK,2016-06-28T11:50:22+01:00
./www.gov.uk/service-manual/user-research/write-a-recruitment-brief.html,Write a recruitment brief - Service Manual - GOV.UK,2016-03-31T11:40:40+01:00
./www.gov.uk/service-manual/user-research/doing-pop-up-research.html,Doing pop-up research - Service Manual - GOV.UK,2017-02-21T12:47:56+00:00
./www.gov.uk/service-manual/user-research/managing-user-research-data-participant-privacy.html,Managing user research data and participant privacy - Service Manual - GOV.UK,2018-11-05T11:22:06+00:00
./www.gov.uk/service-manual/user-research/running-research-sessions-with-people-with-disabilities.html,Running research sessions with disabled people - Service Manual - GOV.UK,2017-10-03T11:44:31+01:00
./www.gov.uk/service-manual/user-research/getting-users-consent-for-research.html,Getting informed consent for user research - Service Manual - GOV.UK,2018-11-05T11:22:30+00:00
./www.gov.uk/service-manual/user-research/researching-emotionally-sensitive-subjects.html,Researching emotionally sensitive subjects - Service Manual - GOV.UK,2019-02-12T13:41:34+00:00
./www.gov.uk/service-manual/user-research/plan-round-of-user-research.html,Plan a round of user research - Service Manual - GOV.UK,2016-05-23T17:50:38+01:00
./www.gov.uk/service-manual/agile-delivery.html,Agile delivery - Service Manual - GOV.UK,
./www.gov.uk/service-manual/measuring-success/measuring-user-satisfaction.html,Measuring user satisfaction - Service Manual - GOV.UK,2021-02-19T11:29:47+00:00
./www.gov.uk/service-manual/measuring-success/measuring-cost-per-transaction.html,Measuring cost per transaction - Service Manual - GOV.UK,2021-02-19T11:58:50+00:00
./www.gov.uk/service-manual/measuring-success/measuring-the-success-of-your-service.html,Measuring the success of your service - Service Manual - GOV.UK,2018-08-06T13:53:57+01:00
./www.gov.uk/service-manual/measuring-success/using-data-to-improve-your-service-an-introduction.html,Using performance data to improve your service: an introduction - Service Manual - GOV.UK,2022-04-06T12:22:51+01:00
./www.gov.uk/service-manual/measuring-success/choosing-digital-analytics-tools.html,Choosing digital analytics tools - Service Manual - GOV.UK,2018-05-24T14:26:13+01:00
./www.gov.uk/service-manual/measuring-success/how-to-set-performance-metrics-for-your-service.html,How to set performance metrics for your service - Service Manual - GOV.UK,2017-12-05T16:57:44+00:00
./www.gov.uk/service-manual/measuring-success/measuring-completion-rate.html,Measuring completion rate - Service Manual - GOV.UK,2021-02-19T12:15:50+00:00
./www.gov.uk/service-manual/measuring-success/usability-benchmarking-a-website-or-whole-service.html,Usability benchmarking a website or whole service - Service Manual - GOV.UK,2018-08-06T13:53:48+01:00
./www.gov.uk/service-manual/measuring-success/data-you-must-publish.html,Data you must publish - Service Manual - GOV.UK,2021-04-06T09:58:17+01:00
./www.gov.uk/service-manual/measuring-success/sharing-your-data-with-the-performance-platform.html,Data you must publish - Service Manual - GOV.UK,2021-04-06T09:58:17+01:00
./www.gov.uk/service-manual/measuring-success/measuring-digital-take-up.html,Measuring digital take-up - Service Manual - GOV.UK,2021-02-19T17:23:16+00:00
./www.gov.uk/service-manual/measuring-success/measuring-service-benefits.html,Measuring the benefits of your service - Service Manual - GOV.UK,2018-06-20T15:28:04+01:00
./www.gov.uk/service-manual/technology/deploying-software-regularly.html,Deploying software regularly - Service Manual - GOV.UK,2021-01-21T14:17:32+00:00
./www.gov.uk/service-manual/technology/how-to-test-frontend-performance.html,How to test frontend performance - Service Manual - GOV.UK,2019-03-14T09:43:45+00:00
./www.gov.uk/service-manual/technology/manage-your-software-configuration.html,Manage your software configuration - Service Manual - GOV.UK,2016-05-23T18:11:17+01:00
./www.gov.uk/service-manual/technology/exploratory-testing.html,Exploratory testing - Service Manual - GOV.UK,2016-05-23T17:52:53+01:00
./www.gov.uk/service-manual/technology/deciding-how-to-host-your-service.html,Deciding how to host your service - Service Manual - GOV.UK,2022-07-21T20:18:06+01:00
./www.gov.uk/service-manual/technology/managing-software-dependencies.html,Managing software dependencies - Service Manual - GOV.UK,2018-07-24T15:30:41+01:00
./www.gov.uk/service-manual/technology/working-with-standalone-mobile-apps.html,Making sure your service works well on mobile - Service Manual - GOV.UK,2019-05-10T15:06:24+01:00
./www.gov.uk/service-manual/technology/managing-domain-names.html,Managing service domains - Service Manual - GOV.UK,2017-11-01T11:54:40+00:00
./www.gov.uk/service-manual/technology/how-to-email-your-users.html,Sending emails from your service - Service Manual - GOV.UK,2017-01-18T15:25:46+00:00
./www.gov.uk/service-manual/technology/test-your-services-performance.html,Test your service&#39;s performance - Service Manual - GOV.UK,2017-02-06T15:58:48+00:00
./www.gov.uk/service-manual/technology/application-programming-interfaces-apis.html,Application programming interfaces (APIs) - Service Manual - GOV.UK,2016-12-16T12:44:32+00:00
./www.gov.uk/service-manual/technology/get-a-domain-name.html,Get a service domain name - Service Manual - GOV.UK,2022-10-25T10:00:50+01:00
./www.gov.uk/service-manual/technology/using-captchas.html,Using CAPTCHAs - Service Manual - GOV.UK,2017-03-13T11:40:30+00:00
./www.gov.uk/service-manual/technology/using-common-components.html,Using common components - Service Manual - GOV.UK,2022-07-21T20:18:53+01:00
./www.gov.uk/service-manual/technology/testing-with-assistive-technologies.html,Testing with assistive technologies - Service Manual - GOV.UK,2022-05-24T15:22:16+01:00
./www.gov.uk/service-manual/technology/email-signup.html,Technology - Service Manual - GOV.UK,
./www.gov.uk/service-manual/technology/using-https.html,Using HTTPS - Service Manual - GOV.UK,2016-05-23T18:04:34+01:00
./www.gov.uk/service-manual/technology/monitoring-the-status-of-your-service.html,Monitoring the status of your service - Service Manual - GOV.UK,2017-01-09T15:34:40+00:00
./www.gov.uk/service-manual/technology/quality-assurance-testing-your-service-regularly.html,Quality assurance: testing your service regularly - Service Manual - GOV.UK,2017-06-28T14:38:17+01:00
./www.gov.uk/service-manual/technology/accessibility-for-developers-an-introduction.html,Making your frontend accessible - Service Manual - GOV.UK,2019-06-28T16:29:29+01:00
./www.gov.uk/service-manual/technology/sending-text-messages-securely.html,Sending text messages securely - Service Manual - GOV.UK,2017-10-19T10:45:08+01:00
./www.gov.uk/service-manual/technology/protecting-your-service-against-fraud.html,Protecting your service against fraud - Service Manual - GOV.UK,2022-05-31T09:54:16+01:00
./www.gov.uk/service-manual/technology/securing-your-information.html,Securing your information - Service Manual - GOV.UK,2018-05-21T10:37:57+01:00
./www.gov.uk/service-manual/technology/working-with-cookies-and-similar-technologies.html,Working with cookies and similar technologies - Service Manual - GOV.UK,2021-02-08T17:37:24+00:00
./www.gov.uk/service-manual/technology/maintaining-version-control-in-coding.html,Maintaining version control in coding - Service Manual - GOV.UK,2016-12-02T10:02:22+00:00
./www.gov.uk/service-manual/technology/making-source-code-open-and-reusable.html,Making source code open and reusable - Service Manual - GOV.UK,2017-10-05T10:59:24+01:00
./www.gov.uk/service-manual/technology/securing-your-cloud-environment.html,Securing your cloud environment for services - Service Manual - GOV.UK,2021-02-15T12:33:07+00:00
./www.gov.uk/service-manual/technology/testing-for-accessibility.html,Testing for accessibility - Service Manual - GOV.UK,2023-10-05T15:28:27+01:00
./www.gov.uk/service-manual/technology/uptime-and-availability-keeping-your-service-online.html,Uptime and availability: keeping your service online - Service Manual - GOV.UK,2016-05-23T17:52:05+01:00
./www.gov.uk/service-manual/technology/choosing-technology-an-introduction.html,Choosing technology: an introduction - Service Manual - GOV.UK,2016-05-23T17:53:43+01:00
./www.gov.uk/service-manual/technology/working-with-open-standards.html,Working with open standards - Service Manual - GOV.UK,2016-09-15T15:27:37+01:00
./www.gov.uk/service-manual/technology/designing-for-different-browsers-and-devices.html,Designing for different browsers and devices - Service Manual - GOV.UK,2022-06-16T11:07:46+01:00
./www.gov.uk/service-manual/technology/working-in-pre-production-environments.html,Working in pre-production environments - Service Manual - GOV.UK,2016-05-23T17:51:55+01:00
./www.gov.uk/service-manual/technology/working-with-mobile-technology.html,Making sure your service works well on mobile - Service Manual - GOV.UK,2019-05-10T15:06:24+01:00
./www.gov.uk/service-manual/technology/vulnerability-and-penetration-testing.html,Vulnerability and penetration testing - Service Manual - GOV.UK,2017-03-08T16:24:03+00:00
./www.gov.uk/service-manual/technology/moving-away-from-legacy-systems.html,Moving away from legacy systems - Service Manual - GOV.UK,2016-08-04T10:55:35+01:00
./www.gov.uk/service-manual/technology/using-progressive-enhancement.html,Building a resilient frontend using progressive enhancement - Service Manual - GOV.UK,2019-12-16T12:34:57+00:00
./www.gov.uk/service-manual/communities/digital-buying-community.html,Buying digital community - Service Manual - GOV.UK,2018-08-03T17:17:35+01:00
./www.gov.uk/service-manual/communities/setting-up-a-new-community-of-practice.html,Setting up a new community of practice - Service Manual - GOV.UK,2019-03-26T14:58:40+00:00
./www.gov.uk/service-manual/communities/technology-community-web-operations.html,Technology community (web operations) - Service Manual - GOV.UK,2016-08-10T10:25:12+01:00
./www.gov.uk/service-manual/communities/technology-community-frontend-development.html,Technology community (frontend development) - Service Manual - GOV.UK,2016-05-23T18:11:35+01:00
./www.gov.uk/service-manual/communities/content-community.html,Content community - Service Manual - GOV.UK,2021-02-17T09:40:03+00:00
./www.gov.uk/service-manual/communities/user-support-community.html,User support community - Service Manual - GOV.UK,2016-11-28T12:09:22+00:00
./www.gov.uk/service-manual/communities/technical-writing-community.html,Technical writing community - Service Manual - GOV.UK,2022-11-22T10:13:23+00:00
./www.gov.uk/service-manual/communities/assisted-digital-and-digital-take-up-community.html,Assisted digital and digital take-up community - Service Manual - GOV.UK,2016-04-08T15:44:55+01:00
./www.gov.uk/service-manual/communities/policy-design-community.html,Policy design community - Service Manual - GOV.UK,2021-10-21T11:58:50+01:00
./www.gov.uk/service-manual/communities/technical-cloud-community.html,Technical cloud community - Service Manual - GOV.UK,2023-03-09T12:19:37+00:00
./www.gov.uk/service-manual/communities/data-science-community.html,Data science community - Service Manual - GOV.UK,2021-05-10T12:35:33+01:00
./www.gov.uk/service-manual/communities/user-research-community.html,User research community - Service Manual - GOV.UK,2016-05-24T16:47:49+01:00
./www.gov.uk/service-manual/communities/performance-and-data-analysis-community.html,Performance analysis community - Service Manual - GOV.UK,2022-11-03T15:05:38+00:00
./www.gov.uk/service-manual/communities/technology-community-backend-development.html,Technology community (backend development) - Service Manual - GOV.UK,2016-05-23T18:07:00+01:00
./www.gov.uk/service-manual/communities/product-and-service-community.html,Product and service community - Service Manual - GOV.UK,2017-08-01T10:21:38+01:00
./www.gov.uk/service-manual/communities/agile-delivery-community.html,Agile delivery community - Service Manual - GOV.UK,2016-08-05T12:06:53+01:00
./www.gov.uk/service-manual/communities/design-community.html,Design community - Service Manual - GOV.UK,2020-01-23T16:01:56+00:00
./www.gov.uk/service-manual/communities/data-engineering-community.html,Data engineering community - Service Manual - GOV.UK,2021-07-06T14:47:59+01:00
./www.gov.uk/service-manual/communities/standards-and-assurance-community.html,Standards and assurance community - Service Manual - GOV.UK,2016-05-18T12:21:38+01:00
./www.gov.uk/service-manual/communities/technology-community-technical-architecture.html,Technology community (technical architecture) - Service Manual - GOV.UK,2018-06-01T16:10:23+01:00
./www.gov.uk/service-manual/communities/accessibility-community.html,Accessibility community - Service Manual - GOV.UK,2017-09-05T09:15:29+01:00
./www.gov.uk/service-manual/communities/contact-the-service-manual-and-service-standard-team.html,Contact the Service Manual and Service Standard team - Service Manual - GOV.UK,2021-03-31T13:30:55+01:00
./www.gov.uk/service-manual/agile-delivery/how-the-live-phase-works.html,How the live phase works - Service Manual - GOV.UK,2019-05-08T09:37:44+01:00
./www.gov.uk/service-manual/agile-delivery/how-the-discovery-phase-works.html,How the discovery phase works - Service Manual - GOV.UK,2021-06-21T16:22:47+01:00
./www.gov.uk/service-manual/agile-delivery/spend-controls-pipeline-process.html,Spend controls: the pipeline process - Service Manual - GOV.UK,2021-07-29T14:46:58+01:00
./www.gov.uk/service-manual/agile-delivery/core-principles-agile.html,Core principles of agile - Service Manual - GOV.UK,2016-05-23T10:59:52+01:00
./www.gov.uk/service-manual/agile-delivery/how-the-alpha-phase-works.html,How the alpha phase works - Service Manual - GOV.UK,2019-05-08T09:37:06+01:00
./www.gov.uk/service-manual/agile-delivery/planning-agile.html,Planning in agile - Service Manual - GOV.UK,2016-05-23T11:00:51+01:00
./www.gov.uk/service-manual/agile-delivery/measuring-reporting-progress.html,Measuring and reporting progress - Service Manual - GOV.UK,2016-05-23T17:50:06+01:00
./www.gov.uk/service-manual/agile-delivery/developing-a-roadmap.html,Developing a roadmap - Service Manual - GOV.UK,2017-11-16T16:03:14+00:00
./www.gov.uk/service-manual/agile-delivery/agile-methodologies.html,Agile methods: an introduction - Service Manual - GOV.UK,2016-07-27T14:46:16+01:00
./www.gov.uk/service-manual/agile-delivery/apply-for-approval-to-spend-money-on-a-service.html,Spend controls: apply for approval to spend money on a service - Service Manual - GOV.UK,2016-05-13T16:51:49+01:00
./www.gov.uk/service-manual/agile-delivery/agile-government-services-introduction.html,Agile and government services: an introduction - Service Manual - GOV.UK,2022-04-06T12:20:10+01:00
./www.gov.uk/service-manual/agile-delivery/deciding-on-priorities.html,Deciding on priorities - Service Manual - GOV.UK,2018-12-06T15:43:58+00:00
./www.gov.uk/service-manual/agile-delivery/running-your-service-in-a-sustainable-way.html,Running your service in a sustainable way - Service Manual - GOV.UK,2018-11-26T15:39:19+00:00
./www.gov.uk/service-manual/agile-delivery/working-across-organisational-boundaries.html,Working across organisational boundaries with service communities - Service Manual - GOV.UK,2019-05-01T17:54:37+01:00
./www.gov.uk/service-manual/agile-delivery/writing-user-stories.html,Writing user stories - Service Manual - GOV.UK,2016-05-23T10:47:52+01:00
./www.gov.uk/service-manual/agile-delivery/create-agile-working-environment.html,Creating an agile working environment - Service Manual - GOV.UK,2016-05-23T17:49:22+01:00
./www.gov.uk/service-manual/agile-delivery/retiring-your-service.html,Retiring your service - Service Manual - GOV.UK,2016-08-04T13:58:35+01:00
./www.gov.uk/service-manual/agile-delivery/spend-controls-check-if-you-need-approval-to-spend-money-on-a-service.html,Spend controls: check if you need approval to spend money on a service - Service Manual - GOV.UK,2021-07-29T14:48:11+01:00
./www.gov.uk/service-manual/agile-delivery/making-services-in-an-emergency.html,Making services in an emergency - Service Manual - GOV.UK,2021-09-29T13:56:11+01:00
./www.gov.uk/service-manual/agile-delivery/team-wall.html,Set up a team wall - Service Manual - GOV.UK,2016-05-23T10:58:29+01:00
./www.gov.uk/service-manual/agile-delivery/how-the-beta-phase-works.html,How the beta phase works - Service Manual - GOV.UK,2021-02-19T16:24:17+00:00
./www.gov.uk/service-manual/agile-delivery/governance-principles-for-agile-service-delivery.html,Governance principles for agile service delivery - Service Manual - GOV.UK,2016-05-23T10:48:10+01:00
./www.gov.uk/service-manual/agile-delivery/agile-tools-techniques.html,Agile tools and techniques - Service Manual - GOV.UK,2019-01-18T13:14:56+00:00
./www.gov.uk/service-manual/service-standard.html,Service Standard - Service Manual - GOV.UK,
./www.gov.uk/service-manual/spending-money-on-your-service/apply-for-approval-to-spend-money-on-a-service.html,Spend controls: apply for approval to spend money on a service - Service Manual - GOV.UK,2016-05-13T16:51:49+01:00
./www.gov.uk/service-manual/spending-money-on-your-service/check-if-you-need-approval-to-spend-money-on-a-service.html,Spend controls: check if you need approval to spend money on a service - Service Manual - GOV.UK,2021-07-29T14:48:11+01:00
./www.gov.uk/service-manual/the-team.html,The team - Service Manual - GOV.UK,
./www.gov.uk/service-manual/making-software/open-source.html,Choosing technology: an introduction - Service Manual - GOV.UK,2016-05-23T17:53:43+01:00
./www.gov.uk/service-manual/making-software/apis.html,Application programming interfaces (APIs) - Service Manual - GOV.UK,2016-12-16T12:44:32+00:00
./www.gov.uk/service-manual/making-software/testing-in-agile.html,Quality assurance: testing your service regularly - Service Manual - GOV.UK,2017-06-28T14:38:17+01:00
./www.gov.uk/service-manual/making-software/deployment.html,Deploying software regularly - Service Manual - GOV.UK,2021-01-21T14:17:32+00:00
./www.gov.uk/service-manual/making-software/open-standards-and-licensing.html,Working with open standards - Service Manual - GOV.UK,2016-09-15T15:27:37+01:00
./www.gov.uk/service-manual/making-software/information-security.html,Securing your information - Service Manual - GOV.UK,2018-05-21T10:37:57+01:00
./www.gov.uk/service-manual/user-centred-design/user-needs.html,Learning about users and their needs - Service Manual - GOV.UK,2017-03-23T17:03:26+00:00
./www.gov.uk/service-manual/user-centred-design/resources/patterns/start-pages.html,Start pages (archived) – GOV.UK Design System,
./www.gov.uk/service-manual/operations/cloud-security.html,Securing your cloud environment for services - Service Manual - GOV.UK,2021-02-15T12:33:07+00:00
./www.gov.uk/service-manual/measuring-success.html,Measuring success - Service Manual - GOV.UK,
./www.gov.uk/service-manual/technology.html,Technology - Service Manual - GOV.UK,
./www.gov.uk/service-manual/assisted-digital.html,Assisted digital support: an introduction - Service Manual - GOV.UK,2018-08-30T13:48:13+01:00
./www.gov.uk/service-manual/helping-people-to-use-your-service/how-your-assisted-digital-support-will-be-assessed.html,How your assisted digital support will be assessed - Service Manual - GOV.UK,2016-05-23T10:59:23+01:00
./www.gov.uk/service-manual/helping-people-to-use-your-service/publishing-information-about-your-services-accessibility.html,Publishing information about your service&#39;s accessibility - Service Manual - GOV.UK,2022-05-24T15:21:47+01:00
./www.gov.uk/service-manual/helping-people-to-use-your-service/understanding-wcag.html,Understanding WCAG 2.2 - Service Manual - GOV.UK,2023-10-05T15:28:22+01:00
./www.gov.uk/service-manual/helping-people-to-use-your-service/getting-an-accessibility-audit.html,Getting an accessibility audit - Service Manual - GOV.UK,2019-08-22T14:24:40+01:00
./www.gov.uk/service-manual/helping-people-to-use-your-service/designing-assisted-digital.html,Designing assisted digital support - Service Manual - GOV.UK,2018-07-24T12:10:26+01:00
./www.gov.uk/service-manual/helping-people-to-use-your-service/making-your-service-accessible-an-introduction.html,Making your service accessible: an introduction - Service Manual - GOV.UK,2023-10-05T15:28:32+01:00
./www.gov.uk/service-manual/helping-people-to-use-your-service/set-up-and-manage-user-support.html,Set up and manage user support - Service Manual - GOV.UK,2016-11-24T13:08:37+00:00
./www.gov.uk/service-manual/helping-people-to-use-your-service/making-your-service-accessible-an-introduction/index.html,Making your service accessible: an introduction - Service Manual - GOV.UK,2023-10-05T15:28:32+01:00
./www.gov.uk/service-manual/helping-people-to-use-your-service/testing-for-accessibility.html,Testing for accessibility - Service Manual - GOV.UK,2023-10-05T15:28:27+01:00
./www.gov.uk/service-manual/helping-people-to-use-your-service/assisted-digital-support-introduction.html,Assisted digital support: an introduction - Service Manual - GOV.UK,2018-08-30T13:48:13+01:00
./www.gov.uk/service-manual/helping-people-to-use-your-service/understanding-wcag-20.html,Understanding WCAG 2.2 - Service Manual - GOV.UK,2023-10-05T15:28:22+01:00
./www.gov.uk/service-manual/helping-people-to-use-your-service/encouraging-people-to-use-your-digital-service.html,Encouraging people to use your service online - Service Manual - GOV.UK,2018-08-30T13:48:09+01:00
./www.gov.uk/service-manual/service-standard/point-1-understand-user-needs.html,1. Understand users and their needs - Service Manual - GOV.UK,2022-05-30T11:15:50+01:00
./www.gov.uk/service-manual/service-standard/point-12-make-new-source-code-open.html,12. Make new source code open - Service Manual - GOV.UK,2022-05-30T11:26:38+01:00
./www.gov.uk/service-manual/service-standard/point-5-make-sure-everyone-can-use-the-service.html,5. Make sure everyone can use the service - Service Manual - GOV.UK,2022-05-30T11:20:28+01:00
./www.gov.uk/service-manual/service-standard/point-13-use-common-standards-components-patterns.html,13. Use and contribute to open standards, common components and patterns - Service Manual - GOV.UK,2022-05-30T11:27:35+01:00
./www.gov.uk/service-manual/service-standard/point-8-iterate-and-improve-frequently.html,8. Iterate and improve frequently - Service Manual - GOV.UK,2022-05-30T11:21:53+01:00
./www.gov.uk/service-manual/service-standard/point-2-solve-a-whole-problem.html,2. Solve a whole problem for users - Service Manual - GOV.UK,2022-05-30T11:16:35+01:00
./www.gov.uk/service-manual/service-standard/point-11-choose-the-right-tools-and-technology.html,11. Choose the right tools and technology - Service Manual - GOV.UK,2022-05-30T11:26:09+01:00
./www.gov.uk/service-manual/service-standard/point-6-have-a-multidisciplinary-team.html,6. Have a multidisciplinary team - Service Manual - GOV.UK,2022-05-30T11:20:56+01:00
./www.gov.uk/service-manual/service-standard/point-3-join-up-across-channels.html,3. Provide a joined up experience across all channels - Service Manual - GOV.UK,2022-05-30T11:18:38+01:00
./www.gov.uk/service-manual/service-standard/point-10-define-success-publish-performance-data.html,10. Define what success looks like and publish performance data - Service Manual - GOV.UK,2022-05-30T11:25:47+01:00
./www.gov.uk/service-manual/service-standard/point-4-make-the-service-simple-to-use.html,4. Make the service simple to use - Service Manual - GOV.UK,2022-05-30T11:19:49+01:00
./www.gov.uk/service-manual/service-standard/point-9-create-a-secure-service.html,9. Create a secure service which protects users’ privacy - Service Manual - GOV.UK,2022-05-30T11:25:13+01:00
./www.gov.uk/service-manual/service-standard/point-14-operate-a-reliable-service.html,14. Operate a reliable service - Service Manual - GOV.UK,2022-05-30T11:28:09+01:00
./www.gov.uk/service-manual/service-standard/point-7-use-agile-ways-of-working.html,7. Use agile ways of working - Service Manual - GOV.UK,2022-05-30T11:21:31+01:00
./www.gov.uk/service-manual/agile-delivery-community.html,Agile delivery community - Service Manual - GOV.UK,2016-08-05T12:06:53+01:00
./www.gov.uk/service-manual/service-assessments/check-if-need-to-meet-service-standard.html,Check if you need to meet the Service Standard or get an assessment - Service Manual - GOV.UK,2022-07-01T09:08:52+01:00
./www.gov.uk/service-manual/service-assessments/how-service-assessments-work.html,What happens at a service assessment - Service Manual - GOV.UK,2019-06-28T14:30:41+01:00
./www.gov.uk/service-manual/service-assessments/how-to-apply-the-service-standard.html,How to apply the Service Standard - Service Manual - GOV.UK,2021-06-10T15:13:47+01:00
./www.gov.uk/service-manual/service-assessments/pre-july-2019-digital-service-standard.html,Digital Service Standard (pre-July 2019) - Service Manual - GOV.UK,2019-05-08T09:34:46+01:00
./www.gov.uk/service-manual/service-assessments/get-feedback-page.html,Get a GOV.UK feedback page - Service Manual - GOV.UK,2021-02-19T17:00:40+00:00
./www.gov.uk/service-manual/service-assessments/become-a-service-assessor.html,Become a service assessor - Service Manual - GOV.UK,2019-05-10T15:29:32+01:00
./www.gov.uk/service-manual/service-assessments/book-a-service-assessment.html,Book a service assessment - Service Manual - GOV.UK,2018-08-06T14:09:08+01:00
./www.gov.uk/service-manual/service-assessments/check-if-you-need-a-service-assessment.html,Check if you need to meet the Service Standard or get an assessment - Service Manual - GOV.UK,2022-07-01T09:08:52+01:00
./www.gov.uk/service-manual/service-assessments/get-your-service-on-govuk.html,Get your service on GOV.UK - Service Manual - GOV.UK,2021-03-02T09:57:08+00:00
./www.gov.uk/service-manual/helping-people-to-use-your-service.html,Accessibility and assisted digital - Service Manual - GOV.UK,
./www.gov.uk/service-manual/phases/alpha.html,How the alpha phase works - Service Manual - GOV.UK,2019-05-08T09:37:06+01:00
./www.gov.uk/service-manual/communities.html,Communities - Service Manual - GOV.UK,
./www.gov.uk/service-manual/the-team/recruit-your-team.html,Recruit your team - Service Manual - GOV.UK,2021-02-12T14:46:13+00:00
./www.gov.uk/service-manual/the-team/change-size-of-service-team.html,Change the size of a service team - Service Manual - GOV.UK,2016-03-03T18:00:59+00:00
./www.gov.uk/service-manual/the-team/working-contractors-third-parties.html,Working with contractors or third parties - Service Manual - GOV.UK,2020-07-08T16:29:34+01:00
./www.gov.uk/service-manual/the-team/set-up-a-service-team.html,Set up a service team at each phase - Service Manual - GOV.UK,2021-06-21T16:21:48+01:00
./www.gov.uk/service-manual/the-team/agile-training-learning-and-support.html,Find agile training, learning and support - Service Manual - GOV.UK,2021-04-27T10:26:32+01:00
./www.gov.uk/service-manual/the-team/running-more-than-one-team.html,Running more than one service team - Service Manual - GOV.UK,2016-03-24T12:02:04+00:00
./www.gov.uk/service-manual/the-team/what-each-role-does-in-service-team.html,What each role does in a service team - Service Manual - GOV.UK,2023-06-07T09:09:21+01:00
